,ticker,content
0,APTV,investor interest technology service stock have likely encounter aptiv aptv free report sailpoint technology sail free report stock be more attractive value investor ll need take closer look find be plenty strategy discover value stock have find pairing strong zack rank impressive grade value category style score system produce best return proven zack rank put emphasis earning estimate estimate revision style score work identify stock specific trait aptiv have zack rank buy sailpoint technology have zack rank hold right now mean aptv earning estimate revision activity have be more impressive so investor feel comfortable improve analyst outlook however value investor care much more just value investor also try analyze wide range traditional figure metric help determine company be undervalue current share price level value category style score system identify undervalue company look number key metric include long favore ratio ratio earning yield cash flow share variety other fundamental help determine company fair value aptv currently have forward ratio sail have forward also note aptv have peg ratio popular figure be similar widely used ratio peg ratio also consider company expect ep growth rate sail currently have peg ratio notable valuation metric aptv be ratio ratio pit stock market value book value be defined total asset total liability comparison sail have base metric many more aptv hold value grade sail have value grade aptv stand sail thank solid earning outlook base valuation figure also feel aptv be superior value option right now
1,APTV,investor interested stock technology service sector have probably already hear aptiv aptv free report sailpoint technology sail free report stock present investor better value opportunity right now let take closer look best way find great value stock be pair strong zack rank impressive grade value category style score system zack rank favor stock strong earning estimate revision trend style score highlight company specific trait aptiv have zack rank buy sailpoint technology have zack rank hold right now mean aptv earning estimate revision activity have be more impressive so investor feel comfortable improve analyst outlook be just factor value investor be interested value investor also tend look number traditional try true figure help find stock believe be undervalue current share price level value category highlight undervalue company look variety key metric include popular ratio well ratio earning yield cash flow share variety other fundamental have be used value investor year aptv currently have forward ratio sail have forward also note aptv have peg ratio figure be similar commonly used ratio peg ratio also factor company expect earning growth rate sail currently have peg ratio notable valuation metric aptv be ratio ratio pit stock market value book value be defined total asset total liability comparison sail have metric several other help aptv earn value grade sail have be give value grade aptv have see stronger estimate revision activity sport more attractive valuation metric sail so seem value investor conclude aptv be superior option right now
2,APTV,aptiv plc aptv free report have be struggle lately selling pressure be come end soon be aptv recently see hammer chart pattern signal stock be near bottom be hammer chart pattern hammer chart pattern be popular technical indicator be used candlestick charting hammer appear stock tumble day then find strength point session close open price form candlestick resemble hammer suggest market have find low point stock better day be ahead other factorsplus earning estimate have be rise company even sluggish trading lately just past day alone estimate have go higher compare none lower consensus estimate have also moved right direction estimate have actually rise so much stock now have zack rank buy suggest relatively unloved stock be due soon be especially true aptv stock build momentum here find way continue higher encourage trading development see complete list today zack rank strong buy stock here medical stock buy nowzack name company poise ride medical breakthrough be target cure leukemia aids muscular dystrophy hemophilia other condition new product field be already generate substantial revenue even more wondrous treatment be pipeline early investor realize exceptional profit click here see stock
3,APTV,delphi technology plc dlph free report look strong back vast global network innovative product portfolio update technology aftermarket business generate stable recur revenue notably delphi technology report strong first quarter result adjust earning share beat consensus mark cent be penny year quarter net revenue beat zack consensus estimate figure be year year report basis adjust basis such impressive result observe share delphi technology have decline industry rise year date basis drive delphi technology delphi technology have geographically diverse revenue base region wise derive revenue europe middle east africa emea north america asia pacific south america first quarter company be highly optimistic opportunity asia pacific region net sale region grow almost quarter increase level vehicle production region be encourage regional presence couple diversify innovative product portfolio update technology help delphi technology become solid choice original equipment manufacturer oem be oem be focuse increase efficiency expand global manufacturing footprint choose supplier global scale easily adapt regional variation additionally delphi technology be also optimistic opportunity aftermarket business aftermarket product portfolio offer extensive range solution include fuel injection electronic engine management maintenance test equipment vehicle diagnostic category lead aftermarket company include independent retailer wholesale distributor demand aftermarket product service depend grow number vehicle life cycle total mile cover replacement many aftermarket product be discretionary nature company generate stable recur revenue aftermarket business zack rank stock considerdelphi technology be zack rank buy stock see complete list today zack rank strong buy stock here other top rank stock broader business service sector include blucora bcor free report holding iqv free report aptiv aptv free report blucora sport zack rank holding aptiv carry zack rank long term expect earning share growth rate blucora holding aptiv be respectively hottest tech mega trend year generate global revenue predict blast roof fame investor mark cuban say produce world first trillionaire still leave plenty money regular investor make right trade early see zack best stock play trend
4,APTV,omnicom group inc omc free report be schedule report second quarter result jul open bell expect company top line do well back revenue growth most region lower tax rate be likely have positive impact omnicom earning observe share omnicom have gain year date compare zack composite gain top line improve year zack consensus estimate revenue be report quarter be peg indicate year year increase expect company witness top line growth most region region wise consensus estimate north america revenue indicate improvement year year same latin america be expect rise year year year year year year asia pacific year year euro other europe middle east africa be expect remain stable first quarter company revenue increase year year organic growth be quarter regional market revenue latin america increase year year asia pacific record increase revenue euro other europe improve record improvement however revenue north america reduce year year same middle east africa be earning likely grow tax reform tax cut job act reduce corporate tax rate significantly benefit omnicom earning be report quarter notably consensus estimate earning share ep be peg indicate year year growth first quarter earning increase year year company also enjoy lower income tax rate reduction income tax expense due successful resolution foreign tax claim first quarter full year company anticipate effective tax rate exclude potential tax benefit share base compensation model doesn suggest beatplease note accord zack model company zack rank strong buy buy hold have good chance beating estimate also have positive earning esp stock zack rank sell rate be best avoid especially have negative earning esp uncover best stock buy sell re report earning esp filter omnicom have zack rank earning esp stock considerhere be few stock broader business service sector investor consider model show have right combination element beat earning second quarter aptiv plc aptv free report have earning esp zack rank company be slate report quarterly number jul see complete list today zack rank stock here holding inc iqv free report have earning esp zack rank company be slate report quarterly result jul avis budget group inc car free report have earning esp zack rank company be expect report quarterly number aug hottest tech mega trend year generate global revenue predict blast roof fame investor mark cuban say produce world first trillionaire still leave plenty money regular investor make right trade early see zack best stock play trend
5,APTV,broadridge financial solution inc br free report recently launch cognitive marketing platform broadridge smart insight enable easy efficient distribution content prospect channel be wealth management solution integrate broadridge cloud ai dataset consumer demographic behavioral financial information secure multus channel platform platform feature auto identification prospect fit interest level engagement activity build ai automatically select best suit content prospect just right time be newest release company integrate wealth management solution product suite serve more financial advisor several wealth management firm steve scruton president broadridge advisor solution state be help client advisor become bionic leverage new technology datum scale transform business enrich customer engagement optimize efficiency generate growth observe share broadridge have surge year significantly outperform rally industry belong
6,APTV,aptiv plc aptv free report yesterday announce have inked deal purchase interconnect base provider custom engineer interconnect solution harsh environment application affiliate snow phipps group subject regulatory approval fulfillment customary close condition propose buyout be expect close end come heel aptiv acquisition south korea base provider engineer connector cable management solution kum jun glimpse aptiv price trend reveal stock have have impressive run bourse past month share aptiv have return significantly outperform industry gain say time frame signal power solution likely growpost deal closure operate independent business unit aptiv signal power solution segment segment design manufacture assemble electrical architecture vehicle include engineer component product wiring assembly harness connector cable management electrical center hybrid high voltage safety distribution system first quarter segment contribute largest chunk aptiv total revenue revenue segment increase year year billionkevin clark aptiv president chief executive officer state further establish aptiv market leader connectivity solution be strategic fit signal power solution segment acquisition have be key growth catalyst aptiv company have be continuously acquire investing company globally internationally expand capability strengthen market share increase geographic presence zack rank stock aptiv have zack rank buy see complete list today zack rank strong buy stock here other top rank stock broader business service sector include blucora bcor free report holding iqv free report paychex payx free report blucora sport zack rank holding paychex carry zack rank long term expect earning share growth rate blucora holding paychex be respectively more stock news be bigger iphone become mother technological revolution apple sell mere iphone year new breakthrough be expect generate more device just year create market zack have just release special report spotlight fast emerge phenomenon ticker take advantage don buy now kick click here trade
7,APTV,fifa world cup russia witness many surprise time include defend champion germany early exit other favorite follow suit team england give stunning performance best world cup great world cup season help boost stock considerably additionally bank england say world cup actually help britain overcome brexit related tension addition optimism world cup recent economic datum unite kingdom be upbeat solid increase retail sale june gdp increase steadily service purchasing manager index pmi reach best level last october june follow development investing british company be expect gain world cup strong gdp datum look prudent investment option fifa world cup bring ample gain unite kingdom know england world cup last win coveted title way back country reach semis first time clearly country have year reach semi final tournament follow development june consumer invest significantly barbecue beer big screen television turn boost retail sale june retail sale advanced year year datum british retail consortium brc retail sale have register second best rise year back steady rise consumer spending accord barclaycard overall consumer spending advanced spending restaurant pub climb june also brc say sale be year year world cup soothe brexit induced worrieson jul bank england boe governor mark carney show optimism england success world cup carney say england winning soccer title jul moscow be unadulterated unalloyed good economy country world cup joy come time unite kingdom be reel brexit related tension britain foreign secretary boris johnson brexit minister david davis have resign have raise prospect new election push brexit negotiation murkier water separately british beer pub association additional sale beer follow world cup bring form tax collection pub retailer greene king have already state sell additional pint match england panama other pub operator marston ei group be also expect gain england reach semis britain gdp rise service pmi shine juneaccord national institute economic social research britain gdp growth month be better april rise gdp growth lead economic growth march period higher february april increase strong service sector performance boost gdp month end ihs markit cip service pmi rise june country manufacturing activity not only expand last month also reach highest settlement last month overall service activity increase second quarter british stock buy england sailing quarterfinal now gear face croatia second semi final clearly have lot more gain additionally strong retail sale steady economic growth help british company gain significantly strong service activity country be definitely good news investor make british stock wise investment choice context have select british stock be expect gain follow development stock also flaunt zack rank strong buy buy see complete list today zack rank stock here bp plc bp free report be involved energy business world london base company have zack rank expect earning growth rate current year be zack consensus estimate current year have improve last day bp have gain past year aptiv plc aptv free report be manufacturer vehicle component provider safety technology solution global automotive commercial vehicle market dublin base company have zack rank expect earning growth rate current year be zack consensus estimate current year have improve last day aptiv have gain past year atlantica yield plc ay free report be manager renewable energy natural gas power electric transmission line water asset brentford base company have zack rank expect earning growth rate current year be more zack consensus estimate current year have improve last day atlantica yield have gain past year mimecast limit mime free report be email datum security company london base company have zack rank expect earning growth rate current year be more zack consensus estimate current year have improve last day mimecast have gain year tullow oil plc tuwoy free report be involved oil gas exploration development production activity london base company have zack rank expect earning growth rate current year be zack consensus estimate current year have improve last day tullow oil have gain year time more stock news be bigger iphone become mother technological revolution apple sell mere iphone year new breakthrough be expect generate more device just year create market zack have just release special report spotlight fast emerge phenomenon ticker take advantage don buy now kick click here trade
8,APTV,wise investment decision involve buy stock right time selling risk rise share price fundamental signal stock bullish run aptiv plc aptv free report be technology service stock have perform extremely well past month have potential carry momentum term therefore haven take advantage share price appreciation yet time add stock portfolio let take look factor make stock attractive pick share price performancea glimpse company price trend reveal stock have have run bourse past month aptiv return compare industry increase
9,APTV,re look profitable portfolio stock offer best value growth investing try growth reasonable price garp strategy help investor gain exposure stock be undervalue have impressive growth prospect however not confuse garp investing blend strategy blend strategy promote investment value growth stock garp investing require value growth feature single stock garp metric mix growth value metricsthe garp approach prefer stock be price market reasonable target determine fundamental analysis stock also have solid prospect term cash flow revenue earning share ep so growth metricsstrong earning growth history impressive earning prospect be main concept garp investor borrow growth investing strategy however instead super normal growth rate pursue stock more stable reasonable growth rate be also tactic garp investor hence growth rate be consider ideal garp strategy growth metric be consider growth garp investor be return equity roe garp investor look strong higher roe compare industry average identify superior stock moreover stock positive cash flow find precedence garp plan value metricsgarp investing give priority popular value metric price earning ratio investing style pick stock higher ratio compare value investor avoid company extremely high ratio moreover price book value ratio be also consider used garp principle have run screen identify stock offer solid return term screening parametersalong criterium discuss section have consider favorable zack rank strong buy buy last year ep project year ep growth rate strong ep growth history prospect ensure improve business roe past month greater industry average higher roe compare industry average indicate superior stock ratio less industry average ratio less industry indicate stock be undervalue here be stock make screen anthem inc antm free report be health care company company provide medical product subsidiary zack rank stock deliver average quarter earning surprise see complete list today zack rank stock here vmware inc vmw free report provide virtualization solution desktop datum center company deliver average quarter positive earning surprise have zack rank merit medical system inc mmsi free report set build world most customer focuse healthcare company understand customer need innovate deliver diverse range product improve life person family community world zack rank stock deliver average quarter earning surprise boston scientific corporation bsx free report transform life innovative medical solution improve health patient world zack rank stock deliver average quarter earning surprise grand canyon education inc lope free report be regionally accredit provider online postsecondary education service focuse offer graduate undergraduate degree program core discipline education business healthcare zack rank stock deliver average quarter earning surprise petm express inc pet free report be lead nationwide pet pharmacy zack rank stock come average quarter earning surprise aptiv plc aptv free report be technology company serve automotive sector company design manufacture vehicle component provide electrical electronic active safety technology solution global automotive commercial vehicle market zack rank stock deliver positive earning surprise last quarter get rest stock list start putt other idea test be do research wizard stock pick back testing software research wizard be great place begin easy use everything be plain language very intuitive start research wizard trial today next time read economic report open research wizard plug find see gem come click here sign free trial research wizard today disclosure officer director employee zack investment research own have sell short security hold long short position option be mentioned material affiliated investment advisory firm own have sell short security hold long short position option be mentioned material disclosure performance information zack portfolio strategy be available https www zack com performance zack restaurant recommendation addition dine special place feast stock share zack special report spotlight recent ipos watch stock offer immediate promise boom sector download free
10,APTV,aptiv plc aptv free report yesterday complete purchase south korea base provider connector cable management solution kum buyout be also expect boost aptiv earning share ep notably company have raise guidance now expect ep be range compare previously guide range glimpse aptiv price trend reveal stock have have impressive run bourse last year share aptiv have return significantly outperform industry gain enhance footprint asia acquisition be expect complement aptiv robust growth asia pacific region kum be integrate aptiv exist asia pacific operation thereby enrich competitive position korea china kevin clark president chief executive officer aptiv state kum be great fit business strengthen leadership position asia pacific engineer component geographically diverse revenue base aptiv be highly optimistic growth opportunity asia pacific region generate net sale region further net sale region grow almost signal power solution buyout be likely enhance aptiv signal power solution segment segment design manufacture assemble vehicle electrical architecture include engineer component product wiring assembly harness connector cable management electrical center hybrid high voltage safety distribution system first quarter segment revenue increase year year contribute total revenue zack rank stock aptiv have zack rank buy see complete list today zack rank strong buy stock here other top rank stock broader business service sector include delphi technology plc dlph free report blucora inc bcor free report mastercard incorporate free report stock sport zack rank long term expect earning share growth rate delphi technology blucora mastercard be respectively wall street next amazonzack evp kevin matra believe familiar stock have only just begin climb become greatest investment time once generation opportunity invest pure genius click detail
11,APTV,growth reasonable price garp be excellent way investor make quick gain strategy help investor gain exposure stock have impressive prospect be trading discount garp approach lead identification stock be price market reasonable target determine fundamental analysis stock also have solid prospect term cash flow revenue earning share ep so mean portfolio create basis garp strategy be expect have stock offer best value growth investing growth metricsstrong earning growth solid prospect be main concept garp investor borrow growth investing strategy however instead super normal growth rate pick stock more stable reasonable growth rate be prefer tactic garp investor hence growth rate be consider ideal strategy growth metric be consider growth garp investor be return equity roe garp investor look strong higher roe compare industry average identify superior stock moreover stock positive cash flow find precedence garp plan value metricsgarp investing give priority popular value metric price earning ratio investing style pick stock higher ratio compare value investor avoid company extremely high ratio moreover price book value ratio be value metric be consider used garp principle have run screen identify stock be likely offer solid return term screening parametersalong criterium discuss section have consider favorable zack rank strong buy buy last year ep project year ep growth rate strong ep growth history prospect ensure improve business roe past month greater industry average higher roe compare industry average indicate superior stock ratio less industry average ratio less industry indicate stock be undervalue here be stock make screen vmware inc vmw free report provide virtualization solution desktop datum center zack rank stock deliver average quarter earning surprise see complete list today zack rank stock here boston scientific corporation bsx free report transform life innovative medical solution improve health patient world zack rank stock deliver average quarter earning surprise factset research system inc fds free report create flexible open datum software solution ten thousand investment professional world provide instant access financial datum analytic investor use make crucial investment decision zack rank stock deliver average quarter earning surprise grand canyon education inc lope free report be regionally accredit provider online postsecondary education service focuse offer graduate undergraduate degree program core discipline education business healthcare zack rank stock deliver average quarter earning surprise anthem inc antm free report be health care company provide medical product subsidiary company deliver average quarter positive earning surprise carry zack rank petm express inc pet free report be lead nationwide pet pharmacy zack rank stock come average quarter earning surprise aptiv plc aptv free report be technology company serve automotive sector company design manufacture vehicle component provide electrical electronic active safety technology solution global automotive commercial vehicle market zack rank stock deliver positive earning surprise last quarter get rest stock list start putt other idea test be do research wizard stock pick back testing software research wizard be great place begin easy use everything be plain language very intuitive start research wizard trial today next time read economic report open research wizard plug find see gem come click here sign free trial research wizard today disclosure officer director employee zack investment research own have sell short security hold long short position option be mentioned material affiliated investment advisory firm own have sell short security hold long short position option be mentioned material disclosure performance information zack portfolio strategy be available https www zack com performance zack restaurant recommendation addition dine special place feast stock share zack special report spotlight recent ipos watch stock offer immediate promise boom sector download free
12,APTV,fifa world cup be hold russia jun jul less week left month long mega football event british economy be expect gain event revenue generation not come directly fifa world cup british entertainment company retailer restaurant chain be expect gain event optimism world cup recent economic datum unite kingdom be quite encourage manufacturing service purchasing manager index pmis register noticeable increase follow development investing british company be expect gain world cup strong manufacturing service sector look prudent investment option fifa world cup bring billion datum british think tank world advertising research center warc world cup bring economy moreover figure total even england reach final stage event accord base digital marketplace vouchercode large number british retailer brand be gain world cup vouchercode british hospitality sector be expect make additionally revenue barbecue garden party be estimate be more further expenditure sportswear item include team jersey be moreover football fan watch match home be project spend food alcohol fact tv audience separately spend get better experience world cup number sector be expect increase even further england become finalist mega event additionally marketing director vouchercode jimmy new say fifa world cup turn be big event football fan british retailer add massive be expect be generate next couple month celebrate occasion britain manufacturing service pmi shine mayaccord ihs markit cip manufacturing purchasing manager index pmi increase april read british manufacturing activity re-cover touch year low april finished good inventory register best increase commencement survey year back strong decline backlog boost manufacturing pmi additionally ihs markit cip service pmi rise april country manufacturing activity not only expand last month also reach highest settlement last month increase new work order service sector fading concern bad weather boost index british stock buy world cup not help direct revenue generation british stock company be expect gain significantly sporting event strong manufacturing service activity country be definitely good news investor make british stock wise investment choice context have select british stock be expect gain follow development stock also flaunt zack rank strong buy buy see complete list today zack rank stock here aptiv plc aptv free report be manufacturer vehicle component provider safety technology solution global automotive commercial vehicle market gillingham base company have zack rank expect earning growth rate current year be zack consensus estimate current year have improve last day aptiv have gain past year spirax sarco engineering plc spxsf free report be provider engineer solution design maintenance provision industrial commercial steam system cheltenham base company have zack rank expect earning growth rate current year be zack consensus estimate current year have improve last day spirax sarco engineering have gain past year nmc health plc nmhly free report be provider healthcare service unite arab emirate globally london base company have zack rank expect earning growth rate current year be zack consensus estimate current year have improve last day nmc health have gain past year safestore holding plc sfshf free report be largest self storage group store comprise wholly own store britain borehamwood base company have zack rank expect earning growth rate current year be zack consensus estimate current year have improve last day safestore holding have gain past year tt electronic plc ttgpf free report be provider engineer electronic performance critical application globally woking base company have zack rank expect earning growth rate current year be zack consensus estimate current year have improve last day tt electronic have gain past year today stock zack hottest strategiesit hard believe even zack market gain top stock pick screen have return outperformance have not just be recent phenomenon year have be remarkably consistent composite yearly average gain strategy have beaten market more maybe even more remarkable be fact re willing share latest stock cost obligation see free
13,APTV,highly anticipate royal wedding docket weekend ve be live rock prince harry be wed american actress humanitarian activist markle saturday mid day england very early time thought be worthwhile take peek performance british oriented stock especially now brexit decision vote nearly year be finally be enact be see different forecast favorite english stock be hardly only article feature such equity way even here zack com publish separate study top rate british company earlier week here royal wedding record job growth aid economy picksintegrate oil super major bp inc bp free report be clearly not feel negative effect brexit activity brent crude oil price recently have hit barrel be assist zack rank strong buy company zack style score value growth momentum neighbor sector be also do well overall bp sit top zack industry rank top sector rank share be slightly today pre market have be steadily climb back fall oil price few year back say bp share be still multus year high experience just prior company horizon oil spill gulf mexico be rage time year bp stock be couple dollar share past month big pharma company astrazeneca azn free report also boast zack style score zack rank hold however reside sector bottom zack scale company be well diversify do suffer setback recently asthma treatment fasenra have fail copd study share be bit ahead open bell today continue trade range just time high hit just few year county kent own delphi automotive aptv free report auto tech specialty company feature solution auto emission fuel economy currently hold zack rank buy however style score be relatively lag growth momentum proudly hail time market high even close slightly lower yesterday record high share
14,APTV,friday highly anticipate royal wedding docket weekend ve be live rock prince harry be wed american actress humanitarian activist markle saturday mid day england very early time thought be worthwhile take peek performance british oriented stock especially now brexit decision vote nearly year be finally be enact be see different forecast favorite english stock be hardly only article feature such equity way even here zack com publish separate study top rate british company earlier week here royal wedding record job growth aid economy picksintegrate oil super major bp inc bp free report be clearly not feel negative effect brexit activity brent crude oil price recently have hit barrel be assist zack rank strong buy company zack style score value growth momentum neighbor sector be also do well overall bp sit top zack industry rank top sector rank share be slightly today pre market have be steadily climb back fall oil price few year back say bp share be still multus year high experience just prior company horizon oil spill gulf mexico be rage time year bp stock be couple dollar share past month big pharma company astrazeneca azn free report also boast zack style score zack rank hold however reside sector bottom zack scale company be well diversify do suffer setback recently asthma treatment fasenra have fail copd study share be bit ahead open bell today continue trade range just time high hit just few year county kent own delphi automotive aptv free report auto tech specialty company feature solution auto emission fuel economy currently hold zack rank buy however style score be relatively lag growth momentum proudly hail time market high even close slightly lower yesterday record high share mark vickerysenior editorquestion comment article author click here medical stock buy nowzack name company poise ride medical breakthrough be target cure leukemia aids muscular dystrophy hemophilia other condition new product field be already generate substantial revenue even more wondrous treatment be pipeline early investor realize exceptional profit click here see stock
15,APTV,prince harry markle be walking aisle economy be expect earn million pound royal wedding sector retail restaurant automobile tourism become biggest gainer additionally occurrence wedding weekend be expect have positive impact consumer confidence eventually economy additionally register best job addition first month year second half also wage growth increase unemployment rate be year low follow development investing british company be expect gain royal wedding strong job report look prudent investment option royal wedding bring economyaccord brand consultancy firm brand finance prince harry royal wedding be expect add britain economy fact sector tourism pr value be expect generate retail restaurant fashion merchandise add respectively manage director brand consultancy firm brand finance richard haigh say royal wedding be par prince william kate middleton wedding moreover base forecasting firm ey item club say follow wedding consumer confidence undergo feel good factor ey item club chief economic advisor howard say royal wedding bring good news economy post weak first quarter encounter slow start second quarter job addition best jobless rate lowest accord office national statistic on datum first quarter total number employ person be increase previous quarter mark highest increase total number employ person increase first quarter also unemployment rate remain unchanged lowest moreover wage include bonuse rise real term average wage growth be also higher inflation rate come march british stock buy nowstrong gain royal wedding make british stock wise investment choice additionally strong job addition record low unemployment rate steady wage growth be definitely good news investor context have select british stock be expect gain follow development stock also flaunt zack rank strong buy buy see complete list today zack rank stock here bp bp free report be hold company world largest petroleum petrochemical group london base company have zack rank expect earning growth rate current year be zack consensus estimate current year have improve last day bp have gain past year domino pizza group plc dpuky free report be owner operator franchiser domino pizza store unite kingdom milton keyne base company have zack rank expect earning growth rate current year be zack consensus estimate current year have improve last day domino pizza group have gain past year aptiv plc aptv free report be manufacturer vehicle component provider safety technology solution global automotive commercial vehicle market gillingham base company have zack rank expect earning growth rate current year be zack consensus estimate current year have improve last day aptiv have gain past year tesco plc tscdy free report be grocery retailer have operation unite kingdom ireland other country welwyn garden city base company have zack rank expect earning growth rate current year be zack consensus estimate current year have improve last day tesco have gain past year sainsbury plc jsaiy free report be major food general merchandise clothing retail company london base company have zack rank expect earning growth rate current year be zack consensus estimate current year have improve last day sainsbury have gain year time today stock zack hottest strategiesit hard believe even zack market gain top stock pick screen have return outperformance have not just be recent phenomenon year have be remarkably consistent composite yearly average gain strategy have beaten market more maybe even more remarkable be fact re willing share latest stock cost obligation see free
16,APTV,investor lookout stock potential maximum growth value investing consider growth reasonable price garp strategy popular strategy help investor gain exposure stock impressive growth prospect be trading discount garp investing employ popular value metric price earning price book value ratio evaluate stock be undervalue garp metric mix growth value metricsthe garp approach help identify stock be price market reasonable target determine fundamental analysis stock also have solid prospect term cash flow revenue earning share ep so growth metricsstrong earning growth history impressive prospect be main concept garp investor borrow growth investing strategy however instead super normal growth rate pick stock more stable reasonable growth rate be prefer tactic garp investor hence growth rate be consider ideal strategy growth metric be consider growth garp investor be return equity roe garp investor look strong higher roe compare industry average identify superior stock moreover stock positive cash flow find precedence garp plan value metricsgarp investing give priority popular value metric price earning ratio investing style pick stock higher ratio compare value investor avoid company extremely high ratio moreover price book value ratio be value metric be consider used garp principle have run screen identify stock offer solid return term screening parametersalong criterium discuss section have consider favorable zack rank strong buy buy last year ep project year ep growth rate strong ep growth history prospect ensure improve business roe past month greater industry average higher roe compare industry average indicate superior stock ratio less industry average ratio less industry indicate stock be undervalue few criterium have narrow universe stock only here be stock make screen grand canyon education inc lope free report be regionally accredit provider online postsecondary education service focuse offer graduate undergraduate degree program core discipline education business healthcare zack rank stock deliver average quarter earning surprise see complete list today zack rank stock here petm express inc pet free report be lead nationwide pet pharmacy zack rank stock come average quarter earning surprise dollar general corporation dg free report be discount retailer unite state zack rank stock surpass zack consensus estimate thrice trail quarters match same occasion deliver positive average earning surprise best buy company inc bby free report be multinational specialty retailer consumer electronic home office product entertainment software appliance related service zack rank stock surpass zack consensus estimate thrice trail quarters miss same occasion deliver average positive earning surprise anthem inc antm free report be health care company company provide medical product subsidiary zack rank stock come average quarter earning surprise aptiv plc aptv free report be technology company serve automotive sector company design manufacture vehicle component provide electrical electronic active safety technology solution global automotive commercial vehicle market zack rank stock surpass zack consensus estimate thrice trail quarters miss same occasion deliver average positive earning surprise get rest stock list start putt other idea test be do research wizard stock pick back testing software research wizard be great place begin easy use everything be plain language very intuitive start research wizard trial today next time read economic report open research wizard plug find see gem come click here sign free trial research wizard today disclosure officer director employee zack investment research own have sell short security hold long short position option be mentioned material affiliated investment advisory firm own have sell short security hold long short position option be mentioned material disclosure performance information zack portfolio strategy be available https www zack com performance zack restaurant recommendation addition dine special place feast stock share zack special report spotlight recent ipos watch stock offer immediate promise boom sector download free
17,APTV,british economy expand sequentially slow rise previous period fall short market expectation marked weakest growth rate shrinkage see fourth quarter decline construction slow manufacturing growth cause economy expand so stealthily be not enough latest datum reveal inflation suddenly slow march lowest level year rate inflation drop march prior month market expectation bad weather take blame gdp disaster still stir question investor mind british economy be healthy enough survive policy tighten accord analyst slower growth consumer spending likely stem slower real wage growth even nominal wage have increase meant bank england not dive policy tighten mode low inflation growth scenario last time bank england boe hike benchmark interest rate basis point be november be first hike july intend curb inflation read hike interest rate etfs focus be not enough governor boe mark carney send sterling downhill ride acknowledge likely economic contagion brexit suggest delay next interest rate hike pour cold water market odd bank be prepare move powershare currencyshare british pound sterling trust fxb free report lose past trading session apr reflect slow gdp datum be last day etfs stock buy backdrop investor consider etfs stock highlight few product investor see european equity etfs here etf pick deutsche tracker msci unite kingdom hedge equity fund dbuk free report underlie msci unite kingdom dollar hedge index look provide exposure equity market unite kingdom same time mitigate exposure fluctuation value dollar british pound sterling fund yield annually ishare currency hedge msci unite kingdom etf hewu free report underlie msci unite kingdom hedge usd index consist stock trade primarily london stock exchange currency risk security include underlie index hedge dollar monthly basis yield annually spdr msci unite kingdom strategicfactor etf qgbr free report be smart beta fund give exposure combination factor stock low volatility quality value fund yield annually stock pick fiat chrysler automobile fcau free report fiat chrysler automobile nv operate international automotive company have vgm value growth momentum score stock have zack rank strong buy micro focus international plc sponsored adr mfgp free report zack rank buy company be infrastructure software company develop sell support software product solution have vgm score delphi automotive plc aptv free report aptiv plc be technology company serve automotive sector have vgm score stock have zack rank want key etf info deliver straight inbox zack free fund newsletter brief top news analysis well top perform etfs week get free
18,APTV,first quarter earning season have crossed half way mark earning revenue growth track reach highest level year accord latest earning preview company have already report result earning company increase same period last year higher revenue outpaced earning estimate exceed top line expectation proportion company beating ep revenue estimate be notably more company include member report result week bullish index total first quarter earning be expect increase higher revenue notably last report quarter witness earning growth increase revenue full year total earning be expect improve higher revenue rosy picture business servicesper report company business service sector be expect record top bottom line growth respectively notably zack sector end ongoing earning season double digit earning growth sector be business service usually sector be directly proportional broader economy be currently quite favorable fact rise gdp record low unemployment level strong job addition ease dollar momentum oil price be sign improvement economy turn boost sector performance trump business friendly policy include tax cut repeal regulation be additional tailwind stock watch earning automatic datum process inc adp free report business process outsource service provider report third quarter fiscal result zack consensus estimate company third quarter revenue be peg reflect year year growth same earning share stand indicate year year growth yet be report quarter company top line be expect benefit higher organic growth favorable foreign currency movement acquisition bottom line be likely be positively impact tax benefit result tax cut job act additionally automatic datum process have impressive earning surprise history have surpass estimate trail quarters average beat year time share zack rank buy company have gain compare industry rally see complete list today zack rank strong buy stock here republic service inc rsg free report solid waste collection transfer recycling disposal company report first quarter result consensus estimate first quarter revenue stand reflect year year growth top line be expect benefit higher internal growth buyout strong segmental performance consensus mark earning share be report quarter be peg cent indicate year year growth lower tax rate revenue growth be likely positively impact company bottom line republic service also have impressive earning surprise history have outpaced estimate trail quarters average positive surprise company carry zack rank sell share company have gain past year underperform industry rally aptiv plc aptv free report automotive technology solution provider report first quarter result zack consensus estimate company earning be peg reflect decline year quarter actual figure consensus mark revenue be peg reflect decline year quarter actual figure company however have impressive earning surprise history surpass estimate trail quarters average beat year time share zack rank have rally industry decline holding inc iqv free report integrate information technology enabled healthcare service company report first quarter result zack consensus estimate company earning revenue be peg respectively earning estimate compare year quarter actual figure reflect growth revenue estimate show year year improvement zack rank hold company earning surprise history have be impressive too company outpaced estimate trail quarters average beat company share have rally year industry decline wall street next amazonzack evp kevin matra believe familiar stock have only just begin climb become greatest investment time once generation opportunity invest pure genius click detail
19,APTV,investor be always look stock be poise beat earning season delphi automotive plc aptv free report be such company firm have earning come pretty soon event be shape quite nicely report be delphi automotive be see favorable earning estimate revision activity late be generally precursor earning beat analyst raise estimate right earning most date information possible be pretty good indicator favorable trend surface aptv report analyst have very recently bump estimate aptv give stock zack earning esp head earning season delphi automotive plc price ep surprise delphi automotive plc price ep surprise delphi automotive plc quotewhy be important positive read zack earning esp have proven be very powerful produce positive surprise outperform market recent year backtest show stock have positive earning esp zack rank hold better show positive surprise nearly time have return average annual return see more top earning esp stock here give aptv have zack rank buy esp positive territory investor want consider stock ahead earning see complete list today zack rank strong buy stock here clearly recent earning estimate revision suggest good thing be ahead delphi automotive beat be card upcoming report wall street next amazonzack evp kevin matra believe familiar stock have only just begin climb become greatest investment time once generation opportunity invest pure genius click detail
20,APTV,launch spdr russell momentum focus etf oneo free report be passively manage exchange trade fund design provide broad exposure large cap blend segment equity market fund be sponsored state street global advisor have amassed asset make average size etfs attempt match large cap blend segment equity market large cap blendlarge cap company typically have market capitalization overall be usually stable option less risk more sure fire cash flow mid small cap company typically hold combination growth value stock blend etfs also demonstrate quality see value growth investment costssince cheaper fund tend produce better result more expensive fund assume other factor remain equal be important investor pay attention etf expense ratio annual operate expense etf be make cheaper product space have month trail dividend yield sector exposure top holdingsetfs offer diversify exposure thus minimize single stock risk be still important delve fund holding investing most etfs be very transparent product many disclose holding daily basis etf have heaviest allocation consumer discretionary sector portfolio information technology industrial round top look individual holding micron technology inc mu free report account total asset follow lear corporation lea free report aptiv plc aptv free report top holding account total asset management performance riskoneo seek match performance russell momentum focuse factor index fee expense russell momentum focuse factor index reflect performance segment large capitalization equity security demonstrate combination core factor focus factor comprise high momentum characteristic etf have lose so far year be last year past week period have trade holding effectively diversify company specific risk russell momentum focus etf carry zack etf rank hold be base expect asset class return expense ratio momentum other factor thus oneo be reasonable option seek exposure large cap etfs area market investor also want consider other etf option space ishare core etf ivv free report spdr etf spy free report track similar index ishare core etf have asset spdr etf have ivv have expense ratio spy charge bottom linean increasingly popular option retail institutional investor passively manage etfs offer low cost transparency flexibility tax efficiency be also excellent vehicle long term investor learn more product other etfs screen product match investment objective read article latest development etf investing universe please visit zack etf center
21,APTV,significant decline inflation pond come breather key index apr lower inflation nominal increase wage disappointing manufacturing industrial production datum ultimately reduce concern rate increase early bank england boe recent economic datum also weigh pound sterling turn be boon british blue chip giant generate revenue foreign currency moreover international monetary fund imf upgrade growth projection unite kingdom recently world economic outlook report follow development investing big british company look prudent investment option inflation weakest year wage only accord office national statistic on datum consumer price index cpi fall february march reach lowest settlement year cpi inflation datum be also lower bank england monetary policy committee recent projection additionally core cpi datum come last month lower register february core cpi also reach lowest level year key inflation datum be slowly move bank england boe desire target moreover decline food price also weigh producer price performance producer price index ppi come march lowest decline cpi ppi datum be expect weigh bank england ability raise key interest rate early moreover follow fall key inflation metric prospect november rate hike fall less previous forecast bloomberg also unemployment rate decline same period however wage include bonuse rise merely real term also weigh recent rate hike prospect pound sterling plummet imf raise growth industrial production advanced only february january manufacturing output fall february weak industrial manufacturing output fall inflation slow wage growth also weigh pound sterling earlier week pound sterling rise settle best level britain decide exit european union eu june however follow release new economic datum pound sterling decline most big british company blue chip have significant exposure global market thus weak sterling be expect have positive impact behemoth apr imf show optimism british economy growth potential raise year year economic growth projection earlier imf give stronger projection follow better global economic growth outlook british stock buy nowfollowing fall inflation wage industrial manufacturing production rate hike worry have abate additionally weaker pound have bring focus back british stock have strong foothold international market also strong global economy outlook have make big british company strong bet investorsin context have select british stock be expect gain follow development stock also flaunt zack rank strong buy buy see complete list today zack rank stock here fiat chrysler automobile fcau free report be designer manufacturer distributor seller vehicle component production system global market london base company have zack rank expect earning growth rate current year be zack consensus estimate current year have improve last day fiat chrysler automobile have gain more last year sainsbury plc jsaiy free report be major food general merchandise clothing retail company london base company have zack rank expect earning growth rate current year be zack consensus estimate current year have improve last day sainsbury have gain last year barclay plc bcs free report be provider various financial service unite kingdom other european country asia africa americas middle east london base company have zack rank expect earning growth rate current year be zack consensus estimate current year have improve last day barclay have gain year time aptiv plc aptv free report be manufacturer vehicle component provider safety technology solution global automotive commercial vehicle market gillingham base company have zack rank expect earning growth rate current year be zack consensus estimate current year have improve last day aptiv have gain past year relx plc relx free report be provider information analytic professional business customer unite state globally london base company have zack rank expect earning growth rate current year be zack consensus estimate current year have improve last day relx have gain year hottest tech mega trend year generate global revenue predict blast roof fame investor mark cuban say produce world first trillionaire still leave plenty money regular investor make right trade early see zack best stock play trend
22,APTV,share blackberry bb free report mobile phone maker turn software provider climb more morning trading wednesday company announce work internet giant baidu bidu free report self drive car project blackberry management say today baidu use qnx hypervisor software be design complex vehicle computer system chinese firm open source self drive platform apollo integrate blackberry qnx os apollo platform enable carmaker leap prototype production system add li zhenyu head baidu intelligent drive division blackberry join grow list tech company have contribute apollo last summer microsoft msft free report announce azure cloud platform help apollo reach outside china make roughly brand work project goal apollo be provide open powerful platform automotive industry further goal autonomous vehicle baidu president ya qin zhang say time also read microsoft baidu partner autonomous car other notable company have collaborate baidu include nvidia nvda free report bosch boch free report continental blackberry new partnership be several have form grow self drive car market software firm have also sign deal work chipmaker qualcomm qcom free report well auto tech company aptiv aptv free report denso dnzoy free report opportunity be global very large market think very solid blackberry cibc capital market analyst todd coupland reuter want more stock market analysis author make sure follow ryan_mcqueeney twitter investor alert breakthrough pending medical advance be now flashpoint theory realization billion dollar research have pour company be already generate substantial revenue even more wondrous product be pipeline cure variety deadly disease be sight so be big potential profit early investor zack name stock buy now click here see
23,APTV,similar wise buy decision exit certain underperformer right time help maximize portfolio return selling loser be difficult share price estimate be fall be time get rid security more loss hit portfolio such stock want consider drop be aptiv plc aptv free report have witness significant price decline past week have see negative earning estimate revision current quarter current year zack rank strong sell further confirm weakness aptv key reason move have be negative trend earning estimate revision full year have see estimate move past day compare just upward revision trend have cause consensus estimate trend lower go share month current level also current quarter aptiv have see downward estimate revision versus revision opposite direction drag consensus estimate share past day stock also have see pretty dismal trading lately share price have drop past month delphi automotive plc price consensus delphi automotive plc price consensus delphi automotive plc quoteso not be good decision keep stock portfolio anymore least don have long time horizon be still interested technology service industry instead consider better rank stock luna innovation incorporate luna free report stock currently hold zack rank buy be better selection time see complete list today zack rank strong buy stock here wall street next amazonzack evp kevin matra believe familiar stock have only just begin climb become greatest investment time once generation opportunity invest pure genius click detail
24,APTV,here be stock add zack rank strong sell list today aptiv plc aptv free report be vehicle component manufacturer zack consensus estimate current year earning have be revise downward last day johnson control international plc jci free report be global diversify technology multus industrial company zack consensus estimate current year earning have be revise downward last day valvoline inc vvv free report be manufacturer marketer automotive industrial lubricant zack consensus estimate current year earning have be revise downward last day commercewest bank cwbk free report be provider various commercial banking service zack consensus estimate current year earning have be revise downward last day bbva banco francs bfr free report be provider financial service small medium enterprise individual customer zack consensus estimate current year earning have be revise downward last day view entire zack rank list
